kind,id,name,icon
item,bronze_hatchet,Bronze hatchet,i07/bronzeAxe.png
item,bronze_pickaxe,Bronze pickaxe,i07/bronzePickaxe.png
item,bronze_dagger,Bronze dagger,i07/bronzeDagger.png
item,bronze_sword,Bronze sword,i07/bronzeSword.png
item,bronze_scimitar,Bronze scimitar,i07/bronzeScimitar.png
item,bronze_longsword,Bronze longsword,i07/bronzeLongsword.png
item,bronze_mace,Bronze mace,i07/bronzeMace.png
item,bronze_battleaxe,Bronze battleaxe,i07/bronzeBattleaxe.png
item,bronze_warhammer,Bronze warhammer,i07/bronzeWarhammer.png
item,bronze_claws,Bronze claws,i07/bronzeClaws.png
item,bronze_2h_sword,Bronze 2h sword,i07/bronze2hSword.png
item,bronze_halberd,Bronze halberd,i07/bronzeHalberd.png
item,bronze_spear,Bronze spear,i07/bronzeSpear.png
item,bronze_hasta,Bronze hasta,i07/bronzeHasta.png
item,bronze_med_helm,Bronze med helm,i07/bronzeMedHelm.png
item,bronze_full_helm,Bronze full helm,i07/bronzeFullHelm.png
item,bronze_platebody,Bronze platebody,i07/bronzePlatebody.png
item,bronze_chainbody,Bronze chainbody,i07/bronzeChainbody.png
item,bronze_platelegs,Bronze platelegs,i07/bronzePlatelegs.png
item,bronze_plateskirt,Bronze plateskirt,i07/bronzePlateskirt.png
item,bronze_kiteshield,Bronze kiteshield,i07/bronzeKiteshield.png
item,bronze_sq_shield,Bronze sq shield,i07/bronzeSqShield.png
item,bronze_defender,Bronze defender,i07/bronzeDefender.png
item,bronze_gauntlets,Bronze gauntlets,i07/bronzeGloves.png
item,iron_hatchet,Iron hatchet,i07/ironAxe.png
item,iron_pickaxe,Iron pickaxe,i07/ironPickaxe.png
item,iron_dagger,Iron dagger,i07/ironDagger.png
item,iron_sword,Iron sword,i07/ironSword.png
item,iron_scimitar,Iron scimitar,i07/ironScimitar.png
item,iron_longsword,Iron longsword,i07/ironLongsword.png
item,iron_mace,Iron mace,i07/ironMace.png
item,iron_battleaxe,Iron battleaxe,i07/ironBattleaxe.png
item,iron_warhammer,Iron warhammer,i07/ironWarhammer.png
item,iron_claws,Iron claws,i07/ironClaws.png
item,iron_2h_sword,Iron 2h sword,i07/iron2hSword.png
item,iron_halberd,Iron halberd,i07/ironHalberd.png
item,iron_spear,Iron spear,i07/ironSpear.png
item,iron_hasta,Iron hasta,i07/ironHasta.png
item,iron_med_helm,Iron med helm,i07/ironMedHelm.png
item,iron_full_helm,Iron full helm,i07/ironFullHelm.png
item,iron_platebody,Iron platebody,i07/ironPlatebody.png
item,iron_chainbody,Iron chainbody,i07/ironChainbody.png
item,iron_platelegs,Iron platelegs,i07/ironPlatelegs.png
item,iron_plateskirt,Iron plateskirt,i07/ironPlateskirt.png
item,iron_kiteshield,Iron kiteshield,i07/ironKiteshield.png
item,iron_sq_shield,Iron sq shield,i07/ironSqShield.png
item,iron_defender,Iron defender,i07/ironDefender.png
item,iron_boots,Iron boots,i07/ironBoots.png
item,iron_gauntlets,Iron gauntlets,i07/ironGloves.png
item,steel_hatchet,Steel hatchet,i07/steelAxe.png
item,steel_pickaxe,Steel pickaxe,i07/steelPickaxe.png
item,steel_dagger,Steel dagger,i07/steelDagger.png
item,steel_sword,Steel sword,i07/steelSword.png
item,steel_scimitar,Steel scimitar,i07/steelScimitar.png
item,steel_longsword,Steel longsword,i07/steelLongsword.png
item,steel_mace,Steel mace,i07/steelMace.png
item,steel_battleaxe,Steel battleaxe,i07/steelBattleaxe.png
item,steel_warhammer,Steel warhammer,i07/steelWarhammer.png
item,steel_claws,Steel claws,i07/steelClaws.png
item,steel_2h_sword,Steel 2h sword,i07/steel2hSword.png
item,steel_halberd,Steel halberd,i07/steelHalberd.png
item,steel_spear,Steel spear,i07/steelSpear.png
item,steel_hasta,Steel hasta,i07/steelHasta.png
item,steel_med_helm,Steel med helm,i07/steelMedHelm.png
item,steel_full_helm,Steel full helm,i07/steelFullHelm.png
item,steel_platebody,Steel platebody,i07/steelPlatebody.png
item,steel_chainbody,Steel chainbody,i07/steelChainbody.png
item,steel_platelegs,Steel platelegs,i07/steelPlatelegs.png
item,steel_plateskirt,Steel plateskirt,i07/steelPlateskirt.png
item,steel_kiteshield,Steel kiteshield,i07/steelKiteshield.png
item,steel_sq_shield,Steel sq shield,i07/steelSqShield.png
item,steel_defender,Steel defender,i07/steelDefender.png
item,steel_boots,Steel boots,i07/steelBoots.png
item,steel_gauntlets,Steel gauntlets,i07/steelGauntlets.png
item,black_hatchet,Black hatchet,i07/blackAxe.png
item,black_dagger,Black dagger,i07/blackDagger.png
item,black_sword,Black sword,i07/blackSword.png
item,black_scimitar,Black scimitar,i07/blackScimitar.png
item,black_longsword,Black longsword,i07/blackLongsword.png
item,black_mace,Black mace,i07/blackMace.png
item,black_battleaxe,Black battleaxe,i07/blackBattleaxe.png
item,black_warhammer,Black warhammer,i07/blackWarhammer.png
item,black_claws,Black claws,i07/blackClaws.png
item,black_2h_sword,Black 2h sword,i07/black2hSword.png
item,black_halberd,Black halberd,i07/blackHalberd.png
item,black_spear,Black spear,i07/blackSpear.png
item,black_med_helm,Black med helm,i07/blackMedHelm.png
item,black_full_helm,Black full helm,i07/blackFullHelm.png
item,black_platebody,Black platebody,i07/blackPlatebody.png
item,black_chainbody,Black chainbody,i07/blackChainbody.png
item,black_platelegs,Black platelegs,i07/blackPlatelegs.png
item,black_plateskirt,Black plateskirt,i07/blackPlateskirt.png
item,black_kiteshield,Black kiteshield,i07/blackKiteshield.png
item,black_sq_shield,Black sq shield,i07/blackSqShield.png
item,black_defender,Black defender,i07/blackDefender.png
item,black_boots,Black boots,i07/blackBoots.png
item,black_gauntlets,Black gauntlets,i07/blackGloves.png
item,mithril_hatchet,Mithril hatchet,i07/mithrilAxe.png
item,mithril_pickaxe,Mithril pickaxe,i07/mithrilPickaxe.png
item,mithril_dagger,Mithril dagger,i07/mithrilDagger.png
item,mithril_sword,Mithril sword,i07/mithrilSword.png
item,mithril_scimitar,Mithril scimitar,i07/mithrilScimitar.png
item,mithril_longsword,Mithril longsword,i07/mithrilLongsword.png
item,mithril_mace,Mithril mace,i07/mithrilMace.png
item,mithril_battleaxe,Mithril battleaxe,i07/mithrilBattleaxe.png
item,mithril_warhammer,Mithril warhammer,i07/mithrilWarhammer.png
item,mithril_claws,Mithril claws,i07/mithrilClaws.png
item,mithril_2h_sword,Mithril 2h sword,i07/mithril2hSword.png
item,mithril_halberd,Mithril halberd,i07/mithrilHalberd.png
item,mithril_spear,Mithril spear,i07/mithrilSpear.png
item,mithril_hasta,Mithril hasta,i07/mithrilHasta.png
item,mithril_med_helm,Mithril med helm,i07/mithrilMedHelm.png
item,mithril_full_helm,Mithril full helm,i07/mithrilFullHelm.png
item,mithril_platebody,Mithril platebody,i07/mithrilPlatebody.png
item,mithril_chainbody,Mithril chainbody,i07/mithrilChainbody.png
item,mithril_platelegs,Mithril platelegs,i07/mithrilPlatelegs.png
item,mithril_plateskirt,Mithril plateskirt,i07/mithrilPlateskirt.png
item,mithril_kiteshield,Mithril kiteshield,i07/mithrilKiteshield.png
item,mithril_sq_shield,Mithril sq shield,i07/mithrilSqShield.png
item,mithril_defender,Mithril defender,i07/mithrilDefender.png
item,mithril_boots,Mithril boots,i07/mithrilBoots.png
item,mithril_gauntlets,Mithril gauntlets,i07/mithrilGloves.png
item,adamant_hatchet,Adamant hatchet,i07/adamantAxe.png
item,adamant_pickaxe,Adamant pickaxe,i07/adamantPickaxe.png
item,adamant_dagger,Adamant dagger,i07/adamantDagger.png
item,adamant_sword,Adamant sword,i07/adamantSword.png
item,adamant_scimitar,Adamant scimitar,i07/adamantScimitar.png
item,adamant_longsword,Adamant longsword,i07/adamantLongsword.png
item,adamant_mace,Adamant mace,i07/adamantMace.png
item,adamant_battleaxe,Adamant battleaxe,i07/adamantBattleaxe.png
item,adamant_warhammer,Adamant warhammer,i07/adamantWarhammer.png
item,adamant_claws,Adamant claws,i07/adamantClaws.png
item,adamant_2h_sword,Adamant 2h sword,i07/adamant2hSword.png
item,adamant_halberd,Adamant halberd,i07/adamantHalberd.png
item,adamant_spear,Adamant spear,i07/adamantSpear.png
item,adamant_hasta,Adamant hasta,i07/adamantHasta.png
item,adamant_med_helm,Adamant med helm,i07/adamantMedHelm.png
item,adamant_full_helm,Adamant full helm,i07/adamantFullHelm.png
item,adamant_platebody,Adamant platebody,i07/adamantPlatebody.png
item,adamant_chainbody,Adamant chainbody,i07/adamantChainbody.png
item,adamant_platelegs,Adamant platelegs,i07/adamantPlatelegs.png
item,adamant_plateskirt,Adamant plateskirt,i07/adamantPlateskirt.png
item,adamant_kiteshield,Adamant kiteshield,i07/adamantKiteshield.png
item,adamant_sq_shield,Adamant sq shield,i07/adamantSqShield.png
item,adamant_defender,Adamant defender,i07/adamantDefender.png
item,adamant_boots,Adamant boots,i07/adamantBoots.png
item,adamant_gauntlets,Adamant gauntlets,i07/adamantGloves.png
item,rune_hatchet,Rune hatchet,i07/runeAxe.png
item,rune_pickaxe,Rune pickaxe,i07/runePickaxe.png
item,rune_dagger,Rune dagger,i07/runeDagger.png
item,rune_sword,Rune sword,i07/runeSword.png
item,rune_scimitar,Rune scimitar,i07/runeScimitar.png
item,rune_longsword,Rune longsword,i07/runeLongsword.png
item,rune_mace,Rune mace,i07/runeMace.png
item,rune_battleaxe,Rune battleaxe,i07/runeBattleaxe.png
item,rune_warhammer,Rune warhammer,i07/runeWarhammer.png
item,rune_claws,Rune claws,i07/runeClaws.png
item,rune_2h_sword,Rune 2h sword,i07/rune2hSword.png
item,rune_halberd,Rune halberd,i07/runeHalberd.png
item,rune_spear,Rune spear,i07/runeSpear.png
item,rune_hasta,Rune hasta,i07/runeHasta.png
item,rune_med_helm,Rune med helm,i07/runeMedHelm.png
item,rune_full_helm,Rune full helm,i07/runeFullHelm.png
item,rune_platebody,Rune platebody,i07/runePlatebody.png
item,rune_chainbody,Rune chainbody,i07/runeChainbody.png
item,rune_platelegs,Rune platelegs,i07/runePlatelegs.png
item,rune_plateskirt,Rune plateskirt,i07/runePlateskirt.png
item,rune_kiteshield,Rune kiteshield,i07/runeKiteshield.png
item,rune_sq_shield,Rune sq shield,i07/runeSqShield.png
item,rune_defender,Rune defender,i07/runeDefender.png
item,rune_boots,Rune boots,i07/runeBoots.png
item,rune_gauntlets,Rune gauntlets,i07/runeGloves.png
item,white_med_helm,White med helm,i07/whiteMedHelm.png
item,white_full_helm,White full helm,i07/whiteFullHelm.png
item,white_platebody,White platebody,i07/whitePlatebody.png
item,white_chainbody,White chainbody,i07/whiteChainbody.png
item,white_platelegs,White platelegs,i07/whitePlatelegs.png
item,white_plateskirt,White plateskirt,i07/whitePlateskirt.png
item,white_kiteshield,White kiteshield,i07/whiteKiteshield.png
item,white_sq_shield,White sq shield,i07/whiteSqShield.png
item,white_boots,White boots,i07/whiteBoots.png
item,white_gauntlets,White gauntlets,i07/whiteGloves.png
item,dragon_hatchet,Dragon hatchet,i07/dragonAxe.png
item,dragon_pickaxe,Dragon pickaxe,i07/dragonPickaxe.png
item,dragon_dagger,Dragon dagger,i07/dragonDagger.png
item,dragon_sword,Dragon sword,i07/dragonSword.png
item,dragon_scimitar,Dragon scimitar,i07/dragonScimitar.png
item,dragon_longsword,Dragon longsword,i07/dragonLongsword.png
item,dragon_mace,Dragon mace,i07/dragonMace.png
item,dragon_battleaxe,Dragon battleaxe,i07/dragonBattleaxe.png
item,dragon_warhammer,Dragon warhammer,i07/dragonWarhammer.png
item,dragon_claws,Dragon claws,i07/dragonClaws.png
item,dragon_2h_sword,Dragon 2h sword,i07/dragon2hSword.png
item,dragon_halberd,Dragon halberd,i07/dragonHalberd.png
item,dragon_spear,Dragon spear,i07/dragonSpear.png
item,dragon_hasta,Dragon hasta,i07/dragonHasta.png
item,dragon_med_helm,Dragon med helm,i07/dragonMedHelm.png
item,dragon_full_helm,Dragon full helm,i07/dragonFullHelm.png
item,dragon_platebody,Dragon platebody,i07/dragonPlatebody.png
item,dragon_chainbody,Dragon chainbody,i07/dragonChainbody.png
item,dragon_platelegs,Dragon platelegs,i07/dragonPlatelegs.png
item,dragon_plateskirt,Dragon plateskirt,i07/dragonPlateskirt.png
item,dragon_kiteshield,Dragon kiteshield,i07/dragonKiteshield.png
item,dragon_sq_shield,Dragon sq shield,i07/dragonSqShield.png
item,dragon_defender,Dragon defender,i07/dragonDefender.png
item,dragon_boots,Dragon boots,i07/dragonBoots.png
item,dragon_gauntlets,Dragon gauntlets,i07/dragonGloves.png
item,shortbow,Shortbow,i07/shortbow.png
item,longbow,Longbow,i07/longbow.png
item,oak_shortbow,Oak shortbow,i07/oakShortbow.png
item,oak_longbow,Oak longbow,i07/oakLongbow.png
item,willow_shortbow,Willow shortbow,i07/willowShortbow.png
item,willow_longbow,Willow longbow,i07/willowLongbow.png
item,maple_shortbow,Maple shortbow,i07/mapleShortbow.png
item,maple_longbow,Maple longbow,i07/mapleLongbow.png
item,yew_shortbow,Yew shortbow,i07/yewShortbow.png
item,yew_longbow,Yew longbow,i07/yewLongbow.png
item,magic_shortbow,Magic shortbow,i07/magicShortbow.png
item,magic_longbow,Magic longbow,i07/magicLongbow.png
item,bronze_crossbow,Bronze crossbow,i07/bronzeCrossbow.png
item,iron_crossbow,Iron crossbow,i07/ironCrossbow.png
item,steel_crossbow,Steel crossbow,i07/steelCrossbow.png
item,mithril_crossbow,Mithril crossbow,i07/mithrilCrossbow.png
item,adamant_crossbow,Adamant crossbow,i07/adamantCrossbow.png
item,rune_crossbow,Rune crossbow,i07/runeCrossbow.png
item,dragon_crossbow,Dragon crossbow,i07/dragonCrossbow.png
item,bronze_arrow,Bronze arrow,i07/bronzeArrow5.png
item,iron_arrow,Iron arrow,i07/ironArrow5.png
item,steel_arrow,Steel arrow,i07/steelArrow5.png
item,mithril_arrow,Mithril arrow,i07/mithrilArrow5.png
item,adamant_arrow,Adamant arrow,i07/adamantArrow5.png
item,rune_arrow,Rune arrow,i07/runeArrow5.png
item,amethyst_arrow,Amethyst arrow,i07/amethystArrow5.png
item,dragon_arrow,Dragon arrow,i07/dragonArrow5.png
item,bronze_bolts,Bronze bolts,i07/bronzeBolts5.png
item,iron_bolts,Iron bolts,i07/ironBolts5.png
item,steel_bolts,Steel bolts,i07/steelBolts5.png
item,mithril_bolts,Mithril bolts,i07/mithrilBolts5.png
item,adamant_bolts,Adamant bolts,i07/adamantBolts5.png
item,rune_bolts,Rune bolts,i07/runiteBolts5.png
item,dragon_bolts,Dragon bolts,i07/dragonBolts5.png
item,diamond_bolts_e,Diamond bolts (e),i07/diamondBoltsE5.png
item,bronze_knife,Bronze knife,i07/bronzeKnife.png
item,bronze_dart,Bronze dart,i07/bronzeDart.png
item,bronze_thrownaxe,Bronze thrownaxe,i07/bronzeThrownaxe.png
item,bronze_javelin,Bronze javelin,i07/bronzeJavelin.png
item,iron_knife,Iron knife,i07/ironKnife.png
item,iron_dart,Iron dart,i07/ironDart.png
item,iron_thrownaxe,Iron thrownaxe,i07/ironThrownaxe.png
item,iron_javelin,Iron javelin,i07/ironJavelin.png
item,steel_knife,Steel knife,i07/steelKnife.png
item,steel_dart,Steel dart,i07/steelDart.png
item,steel_thrownaxe,Steel thrownaxe,i07/steelThrownaxe.png
item,steel_javelin,Steel javelin,i07/steelJavelin.png
item,black_knife,Black knife,i07/blackKnife.png
item,black_dart,Black dart,i07/blackDart.png
item,mithril_knife,Mithril knife,i07/mithrilKnife.png
item,mithril_dart,Mithril dart,i07/mithrilDart.png
item,mithril_thrownaxe,Mithril thrownaxe,i07/mithrilThrownaxe.png
item,mithril_javelin,Mithril javelin,i07/mithrilJavelin.png
item,adamant_knife,Adamant knife,i07/adamantKnife.png
item,adamant_dart,Adamant dart,i07/adamantDart.png
item,adamant_thrownaxe,Adamant thrownaxe,i07/adamantThrownaxe.png
item,adamant_javelin,Adamant javelin,i07/adamantJavelin.png
item,rune_knife,Rune knife,i07/runeKnife.png
item,rune_dart,Rune dart,i07/runeDart.png
item,rune_thrownaxe,Rune thrownaxe,i07/runeThrownaxe.png
item,rune_javelin,Rune javelin,i07/runeJavelin.png
item,dragon_knife,Dragon knife,i07/dragonKnife.png
item,dragon_dart,Dragon dart,i07/dragonDart.png
item,dragon_thrownaxe,Dragon thrownaxe,i07/dragonThrownaxe.png
item,dragon_javelin,Dragon javelin,i07/dragonJavelin.png
item,chinchompa,Chinchompa,i07/chinchompa.png
item,red_chinchompa,Red chinchompa,i07/redChinchompa.png
item,bronze_arrowtips,Bronze arrowtips,i07/bronzeArrowtips.png
item,iron_arrowtips,Iron arrowtips,i07/ironArrowtips.png
item,steel_arrowtips,Steel arrowtips,i07/steelArrowtips.png
item,mithril_arrowtips,Mithril arrowtips,i07/mithrilArrowtips.png
item,adamant_arrowtips,Adamant arrowtips,i07/adamantArrowtips.png
item,rune_arrowtips,Rune arrowtips,i07/runeArrowtips.png
item,dragon_arrowtips,Dragon arrowtips,i07/dragonArrowtips.png
item,bronze_bolts_u,Bronze bolts (unf),i07/bronzeBoltsUnf5.png
item,iron_bolts_u,Iron bolts (unf),i07/ironBoltsUnf5.png
item,steel_bolts_u,Steel bolts (unf),i07/steelBoltsUnf5.png
item,mithril_bolts_u,Mithril bolts (unf),i07/mithrilBoltsUnf5.png
item,adamant_bolts_u,Adamant bolts (unf),i07/adamantBoltsunf5.png
item,rune_bolts_u,Rune bolts (unf),i07/runiteBoltsUnf5.png
item,dragon_bolts_u,Dragon bolts (unf),i07/dragonBoltsUnf5.png
item,bronze_dart_tips,Bronze dart tips,i07/bronzeDartTip.png
item,iron_dart_tips,Iron dart tips,i07/ironDartTip.png
item,steel_dart_tips,Steel dart tips,i07/steelDartTip.png
item,black_dart_tips,Black dart tips,i07/blackDart.png
item,mithril_dart_tips,Mithril dart tips,i07/mithrilDartTip.png
item,adamant_dart_tips,Adamant dart tips,i07/adamantDartTip.png
item,rune_dart_tips,Rune dart tips,i07/runeDartTip.png
item,dragon_dart_tips,Dragon dart tips,i07/dragonDartTip.png
item,leather_coif,Leather coif,i07/coif.png
item,leather_body,Leather body,i07/leatherBody.png
item,leather_chaps,Leather chaps,i07/leatherChaps.png
item,leather_vambraces,Leather vambraces,i07/leatherVambraces.png
item,studded_coif,Studded coif,i07/coif.png
item,studded_body,Studded body,i07/studdedBody.png
item,studded_chaps,Studded chaps,i07/studdedChaps.png
item,studded_vambraces,Studded vambraces,i07/spikyVambraces.png
item,green_dhide_coif,Green d'hide coif,i07/coif.png
item,green_dhide_body,Green d'hide body,i07/greenDhideBody.png
item,green_dhide_chaps,Green d'hide chaps,i07/greenDhideChaps.png
item,green_dhide_vambraces,Green d'hide vambraces,i07/greenDhideVambraces.png
item,blue_dhide_coif,Blue d'hide coif,i07/coif.png
item,blue_dhide_body,Blue d'hide body,i07/blueDhideBody.png
item,blue_dhide_chaps,Blue d'hide chaps,i07/blueDhideChaps.png
item,blue_dhide_vambraces,Blue d'hide vambraces,i07/blueDhideVambraces.png
item,red_dhide_coif,Red d'hide coif,i07/coif.png
item,red_dhide_body,Red d'hide body,i07/redDhideBody.png
item,red_dhide_chaps,Red d'hide chaps,i07/redDhideChaps.png
item,red_dhide_vambraces,Red d'hide vambraces,i07/redDhideVambraces.png
item,black_dhide_coif,Black d'hide coif,i07/coif.png
item,black_dhide_body,Black d'hide body,i07/blackDhideBody.png
item,black_dhide_chaps,Black d'hide chaps,i07/blackDhideChaps.png
item,black_dhide_vambraces,Black d'hide vambraces,i07/blackDhideVambraces.png
item,logs,Logs,i07/logs.png
item,oak_logs,Oak logs,i07/oakLogs.png
item,willow_logs,Willow logs,i07/willowLogs.png
item,maple_logs,Maple logs,i07/mapleLogs.png
item,yew_logs,Yew logs,i07/yewLogs.png
item,magic_logs,Magic logs,i07/magicLogs.png
item,mahogany_logs,Mahogany logs,i07/mahoganyLogs.png
item,copper_ore,Copper ore,i07/copperOre.png
item,tin_ore,Tin ore,i07/tinOre.png
item,iron_ore,Iron ore,i07/ironOre.png
item,coal,Coal,i07/coal.png
item,mithril_ore,Mithril ore,i07/mithrilOre.png
item,adamantite_ore,Adamantite ore,i07/adamantiteOre.png
item,runite_ore,Runite ore,i07/runiteOre.png
item,silver_ore,Silver ore,i07/silverOre.png
item,gold_ore,Gold ore,i07/goldOre.png
item,rune_essence,Rune essence,i07/runeEssence.png
item,bronze_bar,Bronze bar,i07/bronzeBar.png
item,iron_bar,Iron bar,i07/ironBar.png
item,steel_bar,Steel bar,i07/steelBar.png
item,mithril_bar,Mithril bar,i07/mithrilBar.png
item,adamant_bar,Adamant bar,i07/adamantiteBar.png
item,rune_bar,Rune bar,i07/runiteBar.png
item,silver_bar,Silver bar,i07/silverBar.png
item,gold_bar,Gold bar,i07/goldBar.png
item,bronze_nails,Bronze nails,i07/bronzeNails.png
item,iron_nails,Iron nails,i07/ironNails.png
item,steel_nails,Steel nails,i07/steelNails.png
item,mithril_nails,Mithril nails,i07/mithrilNails.png
item,adamant_nails,Adamant nails,i07/adamantiteNails.png
item,rune_nails,Rune nails,i07/runeNails.png
item,raw_shrimps,Raw shrimps,i07/rawShrimps.png
item,shrimps,Shrimps,i07/shrimps.png
item,burnt_shrimps,Burnt shrimps,i07/burntFishAnchovies.png
item,raw_sardine,Raw sardine,i07/rawSardine.png
item,sardine,Sardine,i07/sardine.png
item,burnt_sardine,Burnt sardine,i07/burntFishSardine.png
item,raw_herring,Raw herring,i07/rawHerring.png
item,herring,Herring,i07/herring.png
item,burnt_herring,Burnt herring,i07/burntFishHerring.png
item,raw_anchovies,Raw anchovies,i07/rawAnchovies.png
item,anchovies,Anchovies,i07/anchovies.png
item,burnt_anchovies,Burnt anchovies,i07/burntFishAnchovies.png
item,raw_trout,Raw trout,i07/rawTrout.png
item,trout,Trout,i07/trout.png
item,burnt_trout,Burnt trout,i07/burntFishTrout.png
item,raw_pike,Raw pike,i07/rawPike.png
item,pike,Pike,i07/pike.png
item,burnt_pike,Burnt pike,i07/burntFishTrout.png
item,raw_salmon,Raw salmon,i07/rawSalmon.png
item,salmon,Salmon,i07/salmon.png
item,burnt_salmon,Burnt salmon,i07/burntFishTrout.png
item,raw_tuna,Raw tuna,i07/rawTuna.png
item,tuna,Tuna,i07/tuna.png
item,burnt_tuna,Burnt tuna,i07/burntFishTuna.png
item,raw_lobster,Raw lobster,i07/rawLobster.png
item,lobster,Lobster,i07/lobster.png
item,burnt_lobster,Burnt lobster,i07/burntLobster.png
item,raw_bass,Raw bass,i07/rawBass.png
item,bass,Bass,i07/bass.png
item,burnt_bass,Burnt bass,i07/burntFishTuna.png
item,raw_swordfish,Raw swordfish,i07/rawSwordfish.png
item,swordfish,Swordfish,i07/swordfish.png
item,burnt_swordfish,Burnt swordfish,i07/burntSwordfish.png
item,raw_monkfish,Raw monkfish,i07/rawMonkfish.png
item,monkfish,Monkfish,i07/monkfish.png
item,burnt_monkfish,Burnt monkfish,i07/burntMonkfish.png
item,raw_shark,Raw shark,i07/rawShark.png
item,shark,Shark,i07/shark.png
item,burnt_shark,Burnt shark,i07/burntShark.png
item,raw_anglerfish,Raw anglerfish,i07/rawAnglerfish.png
item,anglerfish,Anglerfish,i07/anglerfish.png
item,burnt_anglerfish,Burnt anglerfish,i07/burntAnglerfish.png
item,raw_dark_crab,Raw dark crab,i07/rawDarkCrab.png
item,dark_crab,Dark crab,i07/darkCrab.png
item,burnt_dark_crab,Burnt dark crab,i07/burntDarkCrab.png
item,raw_beef,Raw beef,i07/rawBeef.png
item,cooked_meat,Cooked meat,i07/cookedMeat.png
item,burnt_meat,Burnt meat,i07/burntMeat.png
item,raw_chicken,Raw chicken,i07/rawChicken.png
item,cooked_chicken,Cooked chicken,i07/cookedChicken.png
item,burnt_chicken,Burnt chicken,i07/burntChicken.png
item,gilded_hatchet,Gilded hatchet,i07/gildedAxe.png
item,gilded_pickaxe,Gilded pickaxe,i07/gildedPickaxe.png
item,leather_gloves,Leather gloves,i07/leatherGloves.png
item,leather_boots,Leather boots,i07/leatherBoots.png
item,anti_dragon_shield,Anti-dragon shield,i07/antiDragonShield.png
item,snakeskin_boots,Snakeskin boots,i07/snakeskinBoots.png
item,avas_attractor,Ava's attractor,i07/avasAttractor.png
item,avas_accumulator,Ava's accumulator,i07/avasAccumulator.png
item,team_cape,Team cape,i07/team1Cape.png
item,amulet_of_magic,Amulet of magic,i07/amuletOfMagic.png
item,amulet_of_defence,Amulet of defence,i07/amuletOfDefence.png
item,amulet_of_strength,Amulet of strength,i07/amuletOfStrength.png
item,amulet_of_power,Amulet of power,i07/amuletOfPower.png
item,amulet_of_glory,Amulet of glory,i07/amuletOfGlory.png
item,ring_of_recoil,Ring of recoil,i07/ringOfRecoil.png
item,ring_of_life,Ring of life,i07/ringOfLife.png
item,ring_of_wealth,Ring of wealth,i07/ringOfWealth.png
item,tinderbox,Tinderbox,i07/tinderbox.png
item,hammer,Hammer,i07/hammer.png
item,fishing_rod,Fishing rod,i07/fishingRod.png
item,small_net,Small net,i07/smallFishingNet.png
item,harpoon,Harpoon,i07/harpoon.png
item,coins,Coins,i07/coins10000.png
item,bones,Bones,i07/bones.png
item,big_bones,Big bones,i07/bigBones.png
item,dragon_bones,Dragon bones,i07/dragonBones.png
item,air_rune,Air rune,i07/airRune.png
item,mind_rune,Mind rune,i07/mindRune.png
item,water_rune,Water rune,i07/waterRune.png
item,earth_rune,Earth rune,i07/earthRune.png
item,fire_rune,Fire rune,i07/fireRune.png
item,body_rune,Body rune,i07/bodyRune.png
item,cosmic_rune,Cosmic rune,i07/cosmicRune.png
item,chaos_rune,Chaos rune,i07/chaosRune.png
item,nature_rune,Nature rune,i07/natureRune.png
item,law_rune,Law rune,i07/lawRune.png
item,death_rune,Death rune,i07/deathRune.png
item,blood_rune,Blood rune,i07/bloodRune.png
item,soul_rune,Soul rune,i07/soulRune.png
item,pure_essence,Pure essence,i07/pureEssence.png
item,tiara,Tiara,i07/tiara.png
item,air_talisman,Air talisman,i07/airTalisman.png
item,air_tiara,Air tiara,i07/airTiara.png
item,mind_talisman,Mind talisman,i07/mindTalisman.png
item,mind_tiara,Mind tiara,i07/mindTiara.png
item,water_talisman,Water talisman,i07/waterTalisman.png
item,water_tiara,Water tiara,i07/waterTiara.png
item,earth_talisman,Earth talisman,i07/earthTalisman.png
item,earth_tiara,Earth tiara,i07/earthTiara.png
item,fire_talisman,Fire talisman,i07/fireTalisman.png
item,fire_tiara,Fire tiara,i07/fireTiara.png
item,body_talisman,Body talisman,i07/bodyTalisman.png
item,body_tiara,Body tiara,i07/bodyTiara.png
item,cosmic_talisman,Cosmic talisman,i07/cosmicTalisman.png
item,cosmic_tiara,Cosmic tiara,i07/cosmicTiara.png
item,chaos_talisman,Chaos talisman,i07/chaosTalisman.png
item,chaos_tiara,Chaos tiara,i07/chaosTiara.png
item,nature_talisman,Nature talisman,i07/natureTalisman.png
item,nature_tiara,Nature tiara,i07/natureTiara.png
item,law_talisman,Law talisman,i07/lawTalisman.png
item,law_tiara,Law tiara,i07/lawTiara.png
item,death_talisman,Death talisman,i07/deathTalisman.png
item,death_tiara,Death tiara,i07/deathTiara.png
item,blood_talisman,Blood talisman,i07/bloodTalisman.png
item,blood_tiara,Blood tiara,i07/bloodTiara.png
item,soul_talisman,Soul talisman,i07/soulTalisman.png
item,soul_tiara,Soul tiara,i07/soulTiara.png
item,uncut_sapphire,Uncut sapphire,i07/uncutSapphire.png
item,sapphire,Sapphire,i07/sapphire.png
item,uncut_emerald,Uncut emerald,i07/uncutEmerald.png
item,emerald,Emerald,i07/emerald.png
item,uncut_ruby,Uncut ruby,i07/uncutRuby.png
item,ruby,Ruby,i07/ruby.png
item,uncut_diamond,Uncut diamond,i07/uncutDiamond.png
item,diamond,Diamond,i07/diamond.png
item,uncut_dragonstone,Uncut dragonstone,i07/uncutDragonstone.png
item,dragonstone,Dragonstone,i07/dragonstone.png
item,uncut_onyx,Uncut onyx,i07/uncutOnyx.png
item,onyx,Onyx,i07/onyx.png
item,gold_ring,Gold ring,i07/goldRing.png
item,sapphire_ring,Sapphire ring,i07/sapphireRing.png
item,emerald_ring,Emerald ring,i07/emeraldRing.png
item,ruby_ring,Ruby ring,i07/rubyRing.png
item,diamond_ring,Diamond ring,i07/diamondRing.png
item,dragonstone_ring,Dragonstone ring,i07/dragonstoneRing.png
item,onyx_ring,Onyx ring,i07/onyxRing.png
item,gold_necklace,Gold necklace,i07/goldNecklace.png
item,sapphire_necklace,Sapphire necklace,i07/sapphireNecklace.png
item,emerald_necklace,Emerald necklace,i07/emeraldNecklace.png
item,ruby_necklace,Ruby necklace,i07/rubyNecklace.png
item,diamond_necklace,Diamond necklace,i07/diamondNecklace.png
item,dragonstone_necklace,Dragonstone necklace,i07/dragonNecklace.png
item,onyx_necklace,Onyx necklace,i07/onyxNecklace.png
item,gold_amulet,Gold amulet,i07/goldAmulet.png
item,sapphire_amulet,Sapphire amulet,i07/sapphireAmulet.png
item,emerald_amulet,Emerald amulet,i07/emeraldAmulet.png
item,ruby_amulet,Ruby amulet,i07/rubyAmulet.png
item,diamond_amulet,Diamond amulet,i07/diamondAmulet.png
item,dragonstone_amulet,Dragonstone amulet,i07/dragonstoneAmulet.png
item,onyx_amulet,Onyx amulet,i07/onyxAmulet.png
item,grimy_guam,Grimy guam,i07/grimyGuamLeaf.png
item,guam,Guam,i07/guamLeaf.png
item,grimy_marrentill,Grimy marrentill,i07/grimyMarrentill.png
item,marrentill,Marrentill,i07/marrentill.png
item,grimy_tarromin,Grimy tarromin,i07/grimyTarromin.png
item,tarromin,Tarromin,i07/tarromin.png
item,grimy_harralander,Grimy harralander,i07/grimyHarralander.png
item,harralander,Harralander,i07/harralander.png
item,grimy_ranarr,Grimy ranarr,i07/grimyRanarrWeed.png
item,ranarr,Ranarr,i07/ranarrWeed.png
item,grimy_toadflax,Grimy toadflax,i07/grimyToadflax.png
item,toadflax,Toadflax,i07/toadflax.png
item,grimy_irit,Grimy irit,i07/grimyIritLeaf.png
item,irit,Irit,i07/iritLeaf.png
item,grimy_avantoe,Grimy avantoe,i07/grimyAvantoe.png
item,avantoe,Avantoe,i07/avantoe.png
item,grimy_kwuarm,Grimy kwuarm,i07/grimyKwuarm.png
item,kwuarm,Kwuarm,i07/kwuarm.png
item,grimy_snapdragon,Grimy snapdragon,i07/grimySnapdragon.png
item,snapdragon,Snapdragon,i07/snapdragon.png
item,grimy_cadantine,Grimy cadantine,i07/grimyCadantine.png
item,cadantine,Cadantine,i07/cadantine.png
item,grimy_lantadyme,Grimy lantadyme,i07/grimyLantadyme.png
item,lantadyme,Lantadyme,i07/lantadyme.png
item,grimy_dwarf_weed,Grimy dwarf weed,i07/grimyDwarfWeed.png
item,dwarf_weed,Dwarf weed,i07/dwarfWeed.png
item,grimy_torstol,Grimy torstol,i07/grimyTorstol.png
item,torstol,Torstol,i07/torstol.png
item,potato,Potato,i07/potato.png
item,onion,Onion,i07/onion.png
item,cabbage,Cabbage,i07/cabbage.png
item,tomato,Tomato,i07/tomato.png
item,sweetcorn,Sweetcorn,i07/sweetcorn.png
item,strawberry,Strawberry,i07/strawberry.png
item,watermelon,Watermelon,i07/watermelon.png
item,potato_seed,Potato seed,i07/potatoSeed5.png
item,onion_seed,Onion seed,i07/onionSeed5.png
item,cabbage_seed,Cabbage seed,i07/cabbageSeed5.png
item,tomato_seed,Tomato seed,i07/tomatoSeed5.png
item,sweetcorn_seed,Sweetcorn seed,i07/sweetcornSeed5.png
item,strawberry_seed,Strawberry seed,i07/strawberrySeed5.png
item,watermelon_seed,Watermelon seed,i07/watermelonSeed5.png
item,guam_seed,Guam seed,i07/guamSeed5.png
item,marrentill_seed,Marrentill seed,i07/marrentillSeed5.png
item,tarromin_seed,Tarromin seed,i07/tarrominSeed5.png
item,harralander_seed,Harralander seed,i07/harralanderSeed5.png
item,ranarr_seed,Ranarr seed,i07/ranarrSeed5.png
item,toadflax_seed,Toadflax seed,i07/toadflaxSeed5.png
item,irit_seed,Irit seed,i07/iritSeed5.png
item,avantoe_seed,Avantoe seed,i07/avantoeSeed5.png
item,kwuarm_seed,Kwuarm seed,i07/kwuarmSeed5.png
item,snapdragon_seed,Snapdragon seed,i07/snapdragonSeed5.png
item,cadantine_seed,Cadantine seed,i07/cadantineSeed5.png
item,lantadyme_seed,Lantadyme seed,i07/lantadymeSeed5.png
item,dwarf_weed_seed,Dwarf weed seed,i07/dwarfWeedSeed5.png
item,torstol_seed,Torstol seed,i07/torstolSeed5.png
item,acorn,Acorn,i07/acorn1.png
item,willow_seed,Willow seed,i07/willowSeed5.png
item,maple_seed,Maple seed,i07/mapleSeed5.png
item,yew_seed,Yew seed,i07/yewSeed5.png
item,magic_seed,Magic seed,i07/magicSeed5.png
item,mahogany_seed,Mahogany seed,i07/mahoganySeed5.png
item,wheat_seed,Wheat seed,i07/seeds.png
item,feather,Feather,i07/feather.png
item,flax,Flax,i07/flax.png
item,bow_string,Bow string,i07/bowString.png
item,wool,Wool,i07/wool.png
item,ball_of_wool,Ball of wool,i07/ballOfWool.png
item,cowhide,Cowhide,i07/cowhide.png
item,leather,Leather,i07/leather.png
item,hard_leather,Hard leather,i07/hardLeather.png
item,green_dragonhide,Green dragonhide,i07/greenDragonhide.png
item,green_dragon_leather,Green dragon leather,i07/greenDragonLeather.png
item,blue_dragonhide,Blue dragonhide,i07/blueDragonhide.png
item,blue_dragon_leather,Blue dragon leather,i07/blueDragonLeather.png
item,red_dragonhide,Red dragonhide,i07/redDragonhide.png
item,red_dragon_leather,Red dragon leather,i07/redDragonLeather.png
item,black_dragonhide,Black dragonhide,i07/blackDragonhide.png
item,black_dragon_leather,Black dragon leather,i07/blackDragonLeather.png
item,needle,Needle,i07/needle.png
item,thread,Thread,i07/thread.png
item,chisel,Chisel,i07/chisel.png
item,knife,Knife,i07/knife.png
item,shears,Shears,i07/shears.png
item,ring_mould,Ring mould,i07/ringMould.png
item,necklace_mould,Necklace mould,i07/necklaceMould.png
item,amulet_mould,Amulet mould,i07/amuletMould.png
item,tiara_mould,Tiara mould,i07/tiaraMould.png
item,wizard_hat,Wizard hat,i07/wizardHat.png
item,wizard_robe_top,Wizard robe top,i07/blueWizardRobe.png
item,wizard_robe_bottom,Wizard robe bottom,i07/blueSkirt.png
item,wizard_gloves,Wizard gloves,i07/iceGloves.png
item,wizard_boots,Wizard boots,i07/wizardBoots.png
item,black_hat,Black hat,i07/blackWizardHatG.png
item,black_robe_top,Black robe top,i07/blackRobe.png
item,black_robe_bottom,Black robe bottom,i07/blackSkirt.png
item,black_gloves,Black gloves,i07/blackGloves.png
item,mystic_hat,Mystic hat,i07/mysticHat.png
item,mystic_robe_top,Mystic robe top,i07/mysticRobeTop.png
item,mystic_robe_bottom,Mystic robe bottom,i07/mysticRobeBottom.png
item,mystic_gloves,Mystic gloves,i07/mysticGloves.png
item,mystic_boots,Mystic boots,i07/mysticBoots.png
item,staff,Staff,i07/staff.png
item,staff_of_air,Staff of air,i07/staffOfAir.png
item,staff_of_water,Staff of water,i07/staffOfWater.png
item,staff_of_earth,Staff of earth,i07/staffOfEarth.png
item,staff_of_fire,Staff of fire,i07/staffOfFire.png
item,battlestaff_of_air,Battlestaff of air,i07/airBattlestaff.png
item,battlestaff_of_water,Battlestaff of water,i07/waterBattlestaff.png
item,battlestaff_of_earth,Battlestaff of earth,i07/earthBattlestaff.png
item,battlestaff_of_fire,Battlestaff of fire,i07/fireBattlestaff.png
item,mystic_of_air,Mystic staff of air,i07/mysticAirStaff.png
item,mystic_of_water,Mystic staff of water,i07/mysticWaterStaff.png
item,mystic_of_earth,Mystic staff of earth,i07/mysticEarthStaff.png
item,mystic_of_fire,Mystic staff of fire,i07/mysticFireStaff.png
item,battlestaff,Battlestaff,i07/battlestaff.png
item,mystic_staff,Mystic staff,i07/mysticAirStaff.png
item,mud_battlestaff,Mud battlestaff,i07/mudBattlestaff.png
item,mystic_mud_staff,Mystic mud staff,i07/mysticMudStaff.png
item,lava_battlestaff,Lava battlestaff,i07/lavaBattlestaff.png
item,mystic_lava_staff,Mystic lava staff,i07/mysticLavaStaff.png
item,steam_battlestaff,Steam battlestaff,i07/steamBattlestaff.png
item,mystic_steam_staff,Mystic steam staff,i07/mysticSteamStaff.png
item,smoke_battlestaff,Smoke battlestaff,i07/smokeBattlestaff.png
item,mystic_smoke_staff,Mystic smoke staff,i07/mysticSmokeStaff.png
item,mist_battlestaff,Mist battlestaff,i07/mistBattlestaff.png
item,mystic_mist_staff,Mystic mist staff,i07/mysticMistStaff.png
item,dust_battlestaff,Dust battlestaff,i07/dustBattlestaff.png
item,mystic_dust_staff,Mystic dust staff,i07/mysticDustStaff.png
item,beginner_wand,Beginner wand,i07/beginnerWand.png
item,apprentice_wand,Apprentice wand,i07/apprenticeWand.png
item,teacher_wand,Teacher wand,i07/teacherWand.png
item,master_wand,Master wand,i07/masterWand.png
item,skillcape_attack,Attack cape,i07/attackCape.png
item,skillcape_strength,Strength cape,i07/strengthCape.png
item,skillcape_defence,Defence cape,i07/defenceCape.png
item,skillcape_ranged,Ranged cape,i07/rangingCape.png
item,skillcape_prayer,Prayer cape,i07/prayerCape.png
item,skillcape_magic,Magic cape,i07/magicCape.png
item,skillcape_runecraft,Runecraft cape,i07/runecraftCape.png
item,skillcape_construction,Construction cape,i07/constructCape.png
item,skillcape_hitpoints,Hitpoints cape,i07/hitpointsCape.png
item,skillcape_agility,Agility cape,i07/agilityCape.png
item,skillcape_herblore,Herblore cape,i07/herbloreCape.png
item,skillcape_thieving,Thieving cape,i07/thievingCape.png
item,skillcape_crafting,Crafting cape,i07/craftingCape.png
item,skillcape_fletching,Fletching cape,i07/fletchingCape.png
item,skillcape_slayer,Slayer cape,i07/slayerCape.png
item,skillcape_hunter,Hunter cape,i07/hunterCape.png
item,skillcape_mining,Mining cape,i07/miningCape.png
item,skillcape_smithing,Smithing cape,i07/smithingCape.png
item,skillcape_fishing,Fishing cape,i07/fishingCape.png
item,skillcape_cooking,Cooking cape,i07/cookingCape.png
item,skillcape_firemaking,Firemaking cape,i07/firemakingCape.png
item,skillcape_woodcutting,Woodcutting cape,i07/woodcuttingCape.png
item,skillcape_farming,Farming cape,i07/farmingCape.png
item,skillcape_sailing,Sailing cape,i07/sailingCape.png
item,bread,Bread,i07/bread.png
item,silk,Silk,i07/silk.png
item,fur,Fur,i07/fur.png
item,spice,Spice,i07/spice.png
item,hardleather_body,Hardleather body,i07/hardleatherBody.png
item,arrow_shaft,Arrow shaft,i07/arrowShaft5.png
item,headless_arrow,Headless arrow,i07/headlessArrow.png
item,shortbow_u,Shortbow (u),i07/shortbowU.png
item,longbow_u,Longbow (u),i07/longbowU.png
item,oak_shortbow_u,Oak shortbow (u),i07/oakShortbowU.png
item,oak_longbow_u,Oak longbow (u),i07/oakLongbowU.png
item,willow_shortbow_u,Willow shortbow (u),i07/willowShortbowU.png
item,willow_longbow_u,Willow longbow (u),i07/willowLongbowU.png
item,maple_shortbow_u,Maple shortbow (u),i07/mapleShortbowU.png
item,maple_longbow_u,Maple longbow (u),i07/mapleLongbowU.png
item,yew_shortbow_u,Yew shortbow (u),i07/yewShortbowU.png
item,yew_longbow_u,Yew longbow (u),i07/yewLongbowU.png
item,magic_shortbow_u,Magic shortbow (u),i07/magicShortbowU.png
item,magic_longbow_u,Magic longbow (u),i07/magicLongbowU.png
item,vial_of_water,Vial of water,i07/vialOfWater.png
item,eye_of_newt,Eye of newt,i07/eyeOfNewt.png
item,unicorn_horn,Unicorn horn,i07/unicornHorn.png
item,limpwurt_root,Limpwurt root,i07/limpwurtRoot.png
item,red_spiders_eggs,Red spiders' eggs,i07/redSpidersEggs.png
item,white_berries,White berries,i07/whiteBerries.png
item,snape_grass,Snape grass,i07/snapeGrass.png
item,mort_myre_fungus,Mort myre fungus,i07/mortMyreFungus.png
item,wine_of_zamorak,Wine of zamorak,i07/wineOfZamorak.png
item,potato_cactus,Potato cactus,i07/potatoCactus.png
item,dragon_scale_dust,Dragon scale dust,i07/dragonScaleDust.png
item,coconut,Coconut,i07/coconut.png
item,supercompost,Supercompost,i07/supercompost.png
item,steel_cannonball,Steel cannonball,i07/steelCannonball.png
item,onyx_bolt_tips,Onyx bolt tips,i07/onyxBoltTips5.png
item,blighted_anglerfish,Blighted anglerfish,i07/blightedAnglerfish.png
item,onyx_bolts,Onyx bolts,i07/onyxBolts5.png
item,goat_horn,Goat horn,i07/goatHorn.png
item,egg,Egg,i07/egg.png
item,guam_potion_u,Guam potion (unf),i07/guamPotionUnf.png
item,attack_4,Attack potion(4),i07/attackPotion4.png
item,attack_3,Attack potion(3),i07/attackPotion3.png
item,attack_2,Attack potion(2),i07/attackPotion2.png
item,attack_1,Attack potion(1),i07/attackPotion1.png
item,marrentill_potion_u,Marrentill potion (unf),i07/marrentillPotionUnf.png
item,antipoison_4,Antipoison(4),i07/antipoison4.png
item,antipoison_3,Antipoison(3),i07/antipoison3.png
item,antipoison_2,Antipoison(2),i07/antipoison2.png
item,antipoison_1,Antipoison(1),i07/antipoison1.png
item,tarromin_potion_u,Tarromin potion (unf),i07/tarrominPotionUnf.png
item,strength_4,Strength potion(4),i07/strengthPotion4.png
item,strength_3,Strength potion(3),i07/strengthPotion3.png
item,strength_2,Strength potion(2),i07/strengthPotion2.png
item,strength_1,Strength potion(1),i07/strengthPotion1.png
item,harralander_potion_u,Harralander potion (unf),i07/harralanderPotionUnf.png
item,restore_4,Restore potion(4),i07/restorePotion4.png
item,restore_3,Restore potion(3),i07/restorePotion3.png
item,restore_2,Restore potion(2),i07/restorePotion2.png
item,restore_1,Restore potion(1),i07/restorePotion1.png
item,energy_4,Energy potion(4),i07/energyPotion4.png
item,energy_3,Energy potion(3),i07/energyPotion3.png
item,energy_2,Energy potion(2),i07/energyPotion2.png
item,energy_1,Energy potion(1),i07/energyPotion1.png
item,ranarr_potion_u,Ranarr potion (unf),i07/ranarrPotionUnf.png
item,defence_4,Defence potion(4),i07/defencePotion4.png
item,defence_3,Defence potion(3),i07/defencePotion3.png
item,defence_2,Defence potion(2),i07/defencePotion2.png
item,defence_1,Defence potion(1),i07/defencePotion1.png
item,prayer_4,Prayer potion(4),i07/prayerPotion4.png
item,prayer_3,Prayer potion(3),i07/prayerPotion3.png
item,prayer_2,Prayer potion(2),i07/prayerPotion2.png
item,prayer_1,Prayer potion(1),i07/prayerPotion1.png
item,irit_potion_u,Irit potion (unf),i07/iritPotionUnf.png
item,super_attack_4,Super attack(4),i07/superAttack4.png
item,super_attack_3,Super attack(3),i07/superAttack3.png
item,super_attack_2,Super attack(2),i07/superAttack2.png
item,super_attack_1,Super attack(1),i07/superAttack1.png
item,avantoe_potion_u,Avantoe potion (unf),i07/avantoePotionUnf.png
item,super_energy_4,Super energy(4),i07/superEnergy4.png
item,super_energy_3,Super energy(3),i07/superEnergy3.png
item,super_energy_2,Super energy(2),i07/superEnergy2.png
item,super_energy_1,Super energy(1),i07/superEnergy1.png
item,kwuarm_potion_u,Kwuarm potion (unf),i07/kwuarmPotionUnf.png
item,super_strength_4,Super strength(4),i07/superStrength4.png
item,super_strength_3,Super strength(3),i07/superStrength3.png
item,super_strength_2,Super strength(2),i07/superStrength2.png
item,super_strength_1,Super strength(1),i07/superStrength1.png
item,snapdragon_potion_u,Snapdragon potion (unf),i07/snapdragonPotionUnf.png
item,super_restore_4,Super restore(4),i07/superRestore4.png
item,super_restore_3,Super restore(3),i07/superRestore3.png
item,super_restore_2,Super restore(2),i07/superRestore2.png
item,super_restore_1,Super restore(1),i07/superRestore1.png
item,sanfew_4,Sanfew serum(4),i07/sanfewSerum4.png
item,sanfew_3,Sanfew serum(3),i07/sanfewSerum3.png
item,sanfew_2,Sanfew serum(2),i07/sanfewSerum2.png
item,sanfew_1,Sanfew serum(1),i07/sanfewSerum1.png
item,cadantine_potion_u,Cadantine potion (unf),i07/cadantinePotionUnf.png
item,super_defence_4,Super defence(4),i07/superDefence4.png
item,super_defence_3,Super defence(3),i07/superDefence3.png
item,super_defence_2,Super defence(2),i07/superDefence2.png
item,super_defence_1,Super defence(1),i07/superDefence1.png
item,lantadyme_potion_u,Lantadyme potion (unf),i07/lantadymePotionUnf.png
item,antifire_4,Antifire potion(4),i07/antifirePotion4.png
item,antifire_3,Antifire potion(3),i07/antifirePotion3.png
item,antifire_2,Antifire potion(2),i07/antifirePotion2.png
item,antifire_1,Antifire potion(1),i07/antifirePotion1.png
item,dwarf_weed_potion_u,Dwarf weed potion (unf),i07/dwarfWeedPotionUnf.png
item,ranging_4,Ranging potion(4),i07/rangingPotion4.png
item,ranging_3,Ranging potion(3),i07/rangingPotion3.png
item,ranging_2,Ranging potion(2),i07/rangingPotion2.png
item,ranging_1,Ranging potion(1),i07/rangingPotion1.png
item,magic_4,Magic potion(4),i07/magicPotion4.png
item,magic_3,Magic potion(3),i07/magicPotion3.png
item,magic_2,Magic potion(2),i07/magicPotion2.png
item,magic_1,Magic potion(1),i07/magicPotion1.png
item,combat_4,Combat potion(4),i07/combatPotion4.png
item,combat_3,Combat potion(3),i07/combatPotion3.png
item,combat_2,Combat potion(2),i07/combatPotion2.png
item,combat_1,Combat potion(1),i07/combatPotion1.png
item,super_antipoison_4,Superantipoison(4),i07/superantipoison4.png
item,super_antipoison_3,Superantipoison(3),i07/superantipoison3.png
item,super_antipoison_2,Superantipoison(2),i07/superantipoison2.png
item,super_antipoison_1,Superantipoison(1),i07/superantipoison1.png
item,toadflax_potion_u,Toadflax potion (unf),i07/toadflaxPotionUnf.png
item,antidote_p_4,Antidote+(4),i07/antidoteplus4.png
item,antidote_p_3,Antidote+(3),i07/antidoteplus3.png
item,antidote_p_2,Antidote+(2),i07/antidoteplus2.png
item,antidote_p_1,Antidote+(1),i07/antidoteplus1.png
item,stamina_4,Stamina potion(4),i07/staminaPotion4.png
item,stamina_3,Stamina potion(3),i07/staminaPotion3.png
item,stamina_2,Stamina potion(2),i07/staminaPotion2.png
item,stamina_1,Stamina potion(1),i07/staminaPotion1.png
item,torstol_potion_u,Torstol potion (unf),i07/torstolPotionUnf.png
item,zamorak_brew_4,Zamorak brew(4),i07/zamorakBrew4.png
item,zamorak_brew_3,Zamorak brew(3),i07/zamorakBrew3.png
item,zamorak_brew_2,Zamorak brew(2),i07/zamorakBrew2.png
item,zamorak_brew_1,Zamorak brew(1),i07/zamorakBrew1.png
item,antidote_pp_4,Antidote++(4),i07/antidoteplusplus4.png
item,antidote_pp_3,Antidote++(3),i07/antidoteplusplus3.png
item,antidote_pp_2,Antidote++(2),i07/antidoteplusplus2.png
item,antidote_pp_1,Antidote++(1),i07/antidoteplusplus1.png
item,saradomin_brew_4,Saradomin brew(4),i07/saradominBrew4.png
item,saradomin_brew_3,Saradomin brew(3),i07/saradominBrew3.png
item,saradomin_brew_2,Saradomin brew(2),i07/saradominBrew2.png
item,saradomin_brew_1,Saradomin brew(1),i07/saradominBrew1.png
item,bird_snare,Bird snare,i07/birdSnare.png
item,box_trap,Box trap,i07/boxTrap.png
item,ferret,Ferret,i07/ferret.png
item,kebbit_fur,Kebbit fur,i07/commonKebbitFur.png
item,plank,Plank,i07/plank.png
item,oak_plank,Oak plank,i07/oakPlank.png
item,mahogany_plank,Mahogany plank,i07/mahoganyPlank.png
item,firepit,Fire pit,c07/firemakingIcon.png
item,workbench,Workbench,c07/workshopIcon.png
item,camp_altar,Altar,c07/altarIcon.png
item,crude_chair,Crude wooden chair,i07/crudeChairFlatpack.png
item,wooden_bookcase,Wooden bookcase,i07/bookcaseFlatpack.png
item,wooden_chair,Wooden chair,i07/woodenChairFlatpack.png
item,oak_chair,Oak chair,i07/oakChairFlatpack.png
item,oak_table,Oak table,i07/oakDiningTableFlatpack.png
item,oak_bookcase,Oak bookcase,i07/oakBookcaseFlatpack.png
item,oak_larder,Oak larder,c07/oakCupboardIcon.png
item,saw,Saw,i07/saw.png
item,house_deed,House deed,i07/deed.png
item,bolt_of_cloth,Bolt of cloth,i07/boltOfCloth.png
item,limestone_brick,Limestone brick,i07/limestoneBrick.png
item,gold_leaf,Gold leaf,i07/goldLeaf.png
item,marble_block,Marble block,i07/marbleBlock.png
item,magic_stone,Magic stone,i07/magicStone.png
item,rocking_chair,Rocking chair,i07/rockingChairFlatpack.png
item,oak_armchair,Oak armchair,i07/oakArmchairFlatpack.png
item,mahogany_armchair,Mahogany armchair,i07/mahoganyArmchairFlatpack.png
item,mahogany_bookcase,Mahogany bookcase,i07/mahoganyBookcaseFlatpack.png
item,stone_fireplace,Stone fireplace,i07/limestoneBrick.png
item,marble_fireplace,Marble fireplace,i07/marbleBlock.png
item,brown_rug,Brown rug,i07/armageddonRug.png
item,rug,Rug,i07/armageddonRug.png
item,opulent_rug,Opulent rug,i07/armageddonRug.png
item,wooden_larder,Wooden larder,c07/woodenCupboardIcon.png
item,small_oven,Small oven,c07/cookingRangeIcon.png
item,large_oven,Large oven,c07/cookingRangeIcon.png
item,steel_range,Steel range,c07/cookingRangeIcon.png
item,fancy_range,Fancy range,c07/cookingRangeIcon.png
item,kitchen_table,Kitchen table,i07/kitchenTableFlatpack.png
item,oak_kitchen_table,Oak kitchen table,i07/oakKitchenTableFlatpack.png
item,wooden_shelves,Wooden shelves,c07/woodenCupboardIcon.png
item,pump_and_drain,Pump and drain,i07/vacuumPump.png
item,pump_and_tub,Pump and tub,i07/rubberTube.png
item,sink,Sink,i07/sinkPlug.png
item,beer_barrel,Beer barrel,i07/beerBarrelFlatpack.png
item,wood_dining_table,Wood dining table,i07/woodDiningTableFlatpack.png
item,carved_oak_table,Carved oak table,i07/carvedOakTableFlatpack.png
item,mahogany_table,Mahogany table,i07/mahoganyTableFlatpack.png
item,opulent_table,Opulent table,i07/opulentTableFlatpack.png
item,wooden_bench,Wooden bench,i07/woodenBenchFlatpack.png
item,oak_bench,Oak bench,i07/oakBenchFlatpack.png
item,carved_oak_bench,Carved oak bench,i07/carvedOakBenchFlatpack.png
item,mahogany_bench,Mahogany bench,i07/mahoganyBenchFlatpack.png
item,gilded_bench,Gilded bench,i07/gildedBenchFlatpack.png
item,oak_decoration,Oak wall decoration,i07/oakShield.png
item,gilded_decoration,Gilded decoration,i07/gildedTotem.png
item,wooden_bed,Wooden bed,i07/woodenBedFlatpack.png
item,oak_bed,Oak bed,i07/oakBedFlatpack.png
item,large_oak_bed,Large oak bed,i07/largeOakBedFlatpack.png
item,four_poster,4-poster,i07/fourPosterBedFlatpack.png
item,gilded_four_poster,Gilded 4-poster,i07/gildedFourPosterFlatpack.png
item,shoe_box,Shoe box,i07/shoeBoxFlatpack.png
item,oak_drawers,Oak drawers,i07/oakDrawersFlatpack.png
item,oak_wardrobe,Oak wardrobe,i07/oakWardrobeFlatpack.png
item,mahogany_wardrobe,Mahogany wardrobe,i07/mahoganyWardrobeFlatpack.png
item,gilded_wardrobe,Gilded wardrobe,i07/gildedWardrobeFlatpack.png
item,oak_lectern,Oak lectern,i07/oakLecternFlatpack.png
item,eagle_lectern,Eagle lectern,i07/eagleLecternFlatpack.png
item,mahogany_eagle_lectern,Mahogany eagle lectern,i07/mahoganyEagleFlatpack.png
item,marble_lectern,Marble lectern,i07/marbleBlock.png
item,globe,Globe,i07/globeFlatpack.png
item,armillary_sphere,Armillary sphere,i07/armillarySphereFlatpack.png
item,small_orrery,Small orrery,i07/smallOrreryFlatpack.png
item,large_orrery,Large orrery,i07/largeOrreryFlatpack.png
item,alchemical_chart,Alchemical chart,i07/alchemicalNotes.png
item,astronomical_chart,Astronomical chart,i07/chart.png
item,infernal_chart,Infernal chart,i07/chart.png
item,oak_altar,Oak altar,c07/oakAltarIcon.png
item,mahogany_altar,Mahogany altar,c07/mahoganyAltarIcon.png
item,limestone_altar,Limestone altar,c07/limestoneAltarIcon.png
item,marble_altar,Marble altar,c07/marbleAltarIcon.png
item,gilded_altar,Gilded altar,c07/gildedAltarIcon.png
item,oak_burners,Oak incense burners,i07/incenseBurnerOakIcon.png
item,mahogany_burners,Mahogany incense burners,i07/incenseBurnerMahoganyIcon.png
item,marble_burners,Marble incense burners,i07/incenseBurnerMarbleIcon.png
item,small_statue,Small statue,i07/stoneStatuette.png
item,medium_statue,Medium statue,i07/greenmanStatue.png
item,large_statue,Large statue,i07/guardianStatue.png
item,windchimes,Windchimes,
item,organ,Organ,
item,wooden_workbench,Wooden workbench,c07/workshopIcon.png
item,oak_workbench,Oak workbench,c07/workshopIcon.png
item,steel_framed_bench,Steel framed bench,c07/workshopIcon.png
item,bench_with_vice,Bench with vice,c07/workshopIcon.png
item,bench_with_lathe,Bench with lathe,c07/workshopIcon.png
item,repair_bench,Repair bench,i07/repairKit.png
item,whetstone,Whetstone,i07/toolkit.png
item,armour_stand,Armour stand,c07/anvilIcon.png
item,tool_store,Tool store,c07/toolStore1Icon.png
item,room_parlour,Parlour,i07/parlourInterfaceItem.png
item,room_kitchen,Kitchen,i07/kitchenInterfaceItem.png
item,room_dining,Dining room,i07/diningRoomInterfaceItem.png
item,room_workshop,Workshop,i07/workshopInterfaceItem.png
item,room_bedroom,Bedroom,i07/bedroomInterfaceItem.png
item,room_study,Study,i07/studyInterfaceItem.png
item,room_chapel,Chapel,i07/chapelInterfaceItem.png
item,ring_of_dueling,Ring of dueling,i07/ringOfDueling.png
item,banana,Banana,i07/banana.png
item,peach,Peach,i07/peach.png
item,sapphire_bolt_tips,Sapphire bolt tips,i07/sapphireBoltTips5.png
item,sapphire_bolts,Sapphire bolts,i07/sapphireBolts5.png
item,sapphire_bolts_e,Sapphire bolts (e),i07/sapphireBoltsE5.png
item,emerald_bolt_tips,Emerald bolt tips,i07/emeraldBoltTips5.png
item,emerald_bolts,Emerald bolts,i07/emeraldBolts5.png
item,emerald_bolts_e,Emerald bolts (e),i07/emeraldBoltsE5.png
item,ruby_bolt_tips,Ruby bolt tips,i07/rubyBoltTips5.png
item,ruby_bolts,Ruby bolts,i07/rubyBolts5.png
item,ruby_bolts_e,Ruby bolts (e),i07/rubyBoltsE5.png
item,diamond_bolt_tips,Diamond bolt tips,i07/diamondBoltTips5.png
item,diamond_bolts,Diamond bolts,i07/diamondBolts5.png
item,dragonstone_bolt_tips,Dragonstone bolt tips,i07/dragonstoneBoltTips5.png
item,dragonstone_bolts,Dragonstone bolts,i07/dragonstoneBolts5.png
item,dragonstone_bolts_e,Dragonstone bolts (e),i07/dragonstoneBoltsE5.png
item,onyx_bolts_e,Onyx bolts (e),i07/onyxBoltsE5.png
item,abyssal_whip,Abyssal whip,i07/abyssalWhip.png
item,granite_maul,Granite maul,i07/graniteMaul.png
item,dark_bow,Dark bow,i07/darkBow.png
item,saradomin_sword,Saradomin sword,i07/saradominSword.png
item,dragon_dagger_p,Dragon dagger (p++),i07/dragonDaggerp.png
item,weapon_poison,Weapon poison(++),i07/weaponPoison.png
item,grain,Grain,i07/grain.png
item,flour,Pot of flour,i07/potOfFlour.png
item,bucket_of_milk,Bucket of milk,i07/bucketOfMilk.png
item,cheese,Cheese,i07/cheese.png
item,grapes,Grapes,i07/grapes.png
item,bread_dough,Bread dough,i07/breadDough.png
item,pastry_dough,Pastry dough,i07/pastryDough.png
item,meat_pie,Meat pie,i07/meatPie.png
item,stew,Stew,i07/stew.png
item,garden_pie,Garden pie,i07/gardenPie.png
item,wine,Wine,i07/jugOfWine.png
item,plain_pizza,Plain pizza,i07/plainPizza.png
item,cake,Cake,i07/cake.png
item,meat_pizza,Meat pizza,i07/meatPizza.png
item,fish_pie,Fish pie,i07/fishPie.png
item,anchovy_pizza,Anchovy pizza,i07/anchovyPizza.png
item,admiral_pie,Admiral pie,i07/admiralPie.png
item,summer_pie,Summer pie,i07/summerPie.png
item,monk_robe_top,Monk's robe top,i07/monksRobeTop.png
item,monk_robe_bottom,Monk's robe bottom,i07/monksRobe.png
item,holy_symbol,Holy symbol,i07/holySymbol.png
item,holy_mould,Holy mould,i07/holyMould.png
item,pet_elvarg,Elvarg pet,i07/elvargsHead.png
item,pet_obor,Obor pet,i07/hillGiantClub.png
item,pet_slashbash,Slash Bash pet,i07/zogreBones.png
item,pet_bktitan,Black Knight Titan pet,i07/blackKnightHelm.png
item,pet_trollking,Ice Troll King pet,i07/rockGolem.png
item,pet_bryophyta,Bryophyta pet,i07/tangleroot.png
item,pet_evilchicken,Evil Chicken pet,i07/evilChickensEgg.png
item,pet_scurrius,Scurrius pet,i07/scurry.png
item,pet_scorpia,Scorpia pet,i07/scorpiasOffspring.png
item,pet_eldric,Eldric the Ice King pet,i07/iceDiamond.png
item,pet_branda,Branda the Fire Queen pet,i07/fireOrb.png
item,pet_kbd,King Black Dragon pet,i07/princeBlackDragon.png
item,pet_sarachnis,Sarachnis pet,i07/sraracha.png
item,pet_skotizo,Skotizo pet,i07/skotos.png
item,pet_kalphitequeen,Kalphite Queen pet,i07/kalphitePrincess.png
item,pet_vorkath,Vorkath pet,i07/vorki.png
item,pet_vetion,Vet'ion pet,i07/vetionJr.png
item,pet_venenatis,Venenatis pet,i07/venenatisSpiderling.png
item,pet_callisto,Callisto pet,i07/callistoCub.png
item,pet_galvek,Galvek pet,i07/vorki.png
item,pet_graardor,General Graardor pet,i07/petGeneralGraardor.png
item,pet_kril,K'ril Tsutsaroth pet,i07/petKrilTsutsaroth.png
item,town_cloak_1,Town cloak 1,i07/ardougneCloak1.png
item,town_cloak_2,Town cloak 2,i07/ardougneCloak2.png
item,town_cloak_3,Town cloak 3,i07/ardougneCloak3.png
item,genie_lamp,Genie lamp,i07/lamp.png
item,clue_0,Clue scroll (easy),i07/clueScrollEasy.png
item,casket_0,Casket (easy),i07/rewardCasketEasy.png
item,clue_1,Clue scroll (medium),i07/clueScrollMedium.png
item,casket_1,Casket (medium),i07/rewardCasketMedium.png
item,clue_2,Clue scroll (hard),i07/clueScrollHard.png
item,casket_2,Casket (hard),i07/rewardCasketHard.png
item,spade,Spade,i07/spade.png
item,rune_full_helm_t,Rune full helm (t),i07/runeFullHelmT.png
item,rune_full_helm_g,Rune full helm (g),i07/runeFullHelmG.png
item,rune_platebody_t,Rune platebody (t),i07/runePlatebodyT.png
item,rune_platebody_g,Rune platebody (g),i07/runePlatebodyG.png
item,rune_platelegs_t,Rune platelegs (t),i07/runePlatelegsT.png
item,rune_platelegs_g,Rune platelegs (g),i07/runePlatelegsG.png
item,rune_plateskirt_t,Rune plateskirt (t),i07/runePlateskirtT.png
item,rune_plateskirt_g,Rune plateskirt (g),i07/runePlateskirtG.png
item,rune_kiteshield_t,Rune kiteshield (t),i07/runeKiteshieldT.png
item,rune_kiteshield_g,Rune kiteshield (g),i07/runeKiteshieldG.png
item,dharoks_helm,Dharok's helm,i07/dharoksHelm.png
item,dharoks_platebody,Dharok's platebody,i07/dharoksPlatebody.png
item,dharoks_platelegs,Dharok's platelegs,i07/dharoksPlatelegs.png
item,dharoks_greataxe,Dharok's greataxe,i07/dharoksGreataxe.png
item,guthans_helm,Guthan's helm,i07/guthansHelm.png
item,guthans_platebody,Guthan's platebody,i07/guthansPlatebody.png
item,guthans_chainskirt,Guthan's chainskirt,i07/guthansChainskirt.png
item,guthans_warspear,Guthan's warspear,i07/guthansWarspear.png
item,torags_helm,Torag's helm,i07/toragsHelm.png
item,torags_platebody,Torag's platebody,i07/toragsPlatebody.png
item,torags_platelegs,Torag's platelegs,i07/toragsPlatelegs.png
item,torags_hammers,Torag's hammers,i07/toragsHammers.png
item,veracs_helm,Verac's helm,i07/veracsHelm.png
item,veracs_brassard,Verac's brassard,i07/veracsBrassard.png
item,veracs_plateskirt,Verac's plateskirt,i07/veracsPlateskirt.png
item,veracs_flail,Verac's flail,i07/veracsFlail.png
item,karils_coif,Karil's coif,i07/karilsCoif.png
item,karils_leathertop,Karil's leathertop,i07/karilsLeathertop.png
item,karils_leatherskirt,Karil's leatherskirt,i07/karilsLeatherskirt.png
item,karils_crossbow,Karil's crossbow,i07/karilsCrossbow.png
item,ahrims_hood,Ahrim's hood,i07/ahrimsHood.png
item,ahrims_robetop,Ahrim's robetop,i07/ahrimsRobetop.png
item,ahrims_robeskirt,Ahrim's robeskirt,i07/ahrimsRobeskirt.png
item,ahrims_staff,Ahrim's staff,i07/ahrimsStaff.png
item,armadyl_godsword,Armadyl godsword,i07/armadylGodsword.png
item,bandos_godsword,Bandos godsword,i07/bandosGodsword.png
item,saradomin_godsword,Saradomin godsword,i07/saradominGodsword.png
item,zamorak_godsword,Zamorak godsword,i07/zamorakGodsword.png
item,bandos_chestplate,Bandos chestplate,i07/bandosChestplate.png
item,bandos_tassets,Bandos tassets,i07/bandosTassets.png
item,bandos_boots,Bandos boots,i07/bandosBoots.png
item,armadyl_helmet,Armadyl helmet,i07/armadylHelmet.png
item,armadyl_chestplate,Armadyl chestplate,i07/armadylChestplate.png
item,armadyl_chainskirt,Armadyl chainskirt,i07/armadylChainskirt.png
item,abyssal_dagger,Abyssal dagger,i07/abyssalDagger.png
item,abyssal_bludgeon,Abyssal bludgeon,i07/abyssalBludgeon.png
item,abyssal_tentacle,Abyssal tentacle,i07/abyssalTentacle.png
item,zamorakian_spear,Zamorakian spear,i07/zamorakianSpear.png
item,toktz_xil_ak,Toktz-xil-ak,i07/toktzXilAk.png
item,tzhaar_ket_om,Tzhaar-ket-om,i07/tzhaarKetOm.png
item,amulet_of_fury,Amulet of fury,i07/amuletOfFury.png
item,amulet_of_torture,Amulet of torture,i07/amuletOfTorture.png
item,necklace_of_anguish,Necklace of anguish,i07/necklaceOfAnguish.png
item,occult_necklace,Occult necklace,i07/occultNecklace.png
item,berserker_necklace,Berserker necklace,i07/berserkerNecklace.png
item,berserker_ring,Berserker ring,i07/berserkerRing.png
item,warrior_ring,Warrior ring,i07/warriorRing.png
item,archers_ring,Archers ring,i07/archersRing.png
item,seers_ring,Seers ring,i07/seersRing.png
item,primordial_boots,Primordial boots,i07/primordialBoots.png
item,pegasian_boots,Pegasian boots,i07/pegasianBoots.png
item,eternal_boots,Eternal boots,i07/eternalBoots.png
item,ranger_boots,Ranger boots,i07/rangerBoots.png
item,fire_cape,Fire cape,i07/fireCape.png
item,avas_assembler,Ava's assembler,i07/avasAssembler.png
item,saradomin_cape,Saradomin cape,i07/saradominCape.png
item,zamorak_cape,Zamorak cape,i07/zamorakCape.png
item,guthix_cape,Guthix cape,i07/guthixCape.png
item,armadyl_crossbow,Armadyl crossbow,i07/armadylCrossbow.png
item,dragon_hunter_crossbow,Dragon hunter crossbow,i07/dragonHunterCrossbow.png
item,toxic_blowpipe,Toxic blowpipe,i07/toxicBlowpipe.png
item,twisted_bow,Twisted bow,i07/twistedBow.png
item,crystal_bow,Crystal bow,i07/crystalBow.png
item,crystal_shield,Crystal shield,i07/crystalShield.png
item,infinity_hat,Infinity hat,i07/infinityHat.png
item,infinity_top,Infinity top,i07/infinityTop.png
item,infinity_bottoms,Infinity bottoms,i07/infinityBottoms.png
item,infinity_boots,Infinity boots,i07/infinityBoots.png
item,ancestral_hat,Ancestral hat,i07/ancestralHat.png
item,ancestral_robe_top,Ancestral robe top,i07/ancestralRobeTop.png
item,ancestral_robe_bottom,Ancestral robe bottom,i07/ancestralRobeBottom.png
item,ancient_staff,Ancient staff,i07/ancientStaff.png
item,staff_of_the_dead,Staff of the dead,i07/staffOfTheDead.png
item,toxic_staff_of_the_dead,Toxic staff of the dead,i07/toxicStaffOfTheDead.png
item,kodai_wand,Kodai wand,i07/kodaiWand.png
item,mages_book,Mage's book,i07/magesBook.png
item,trident_of_the_seas,Trident of the seas,i07/tridentOfTheSeas.png
item,third_age_full_helmet,3rd age full helmet,i07/_3rdAgeFullHelmet.png
item,third_age_platebody,3rd age platebody,i07/_3rdAgePlatebody.png
item,third_age_platelegs,3rd age platelegs,i07/_3rdAgePlatelegs.png
item,third_age_kiteshield,3rd age kiteshield,i07/_3rdAgeKiteshield.png
item,third_age_longsword,3rd age longsword,i07/_3rdAgeLongsword.png
item,third_age_range_coif,3rd age range coif,i07/_3rdAgeRangeCoif.png
item,third_age_range_top,3rd age range top,i07/_3rdAgeRangeTop.png
item,third_age_range_legs,3rd age range legs,i07/_3rdAgeRangeLegs.png
item,third_age_vambraces,3rd age vambraces,i07/_3rdAgeVambraces.png
item,third_age_bow,3rd age bow,i07/_3rdAgeBow.png
item,third_age_mage_hat,3rd age mage hat,i07/_3rdAgeMageHat.png
item,third_age_robe_top,3rd age robe top,i07/_3rdAgeRobeTop.png
item,third_age_robe,3rd age robe,i07/_3rdAgeRobe.png
item,third_age_wand,3rd age wand,i07/_3rdAgeWand.png
item,third_age_amulet,3rd age amulet,i07/_3rdAgeAmulet.png
skill,attack,Attack,c07/attackIcon.png
skill,strength,Strength,c07/strengthIcon.png
skill,defence,Defence,c07/defenceIcon.png
skill,ranged,Ranged,c07/rangedIcon.png
skill,prayer,Prayer,c07/prayerIcon.png
skill,magic,Magic,c07/magicIcon.png
skill,runecraft,Runecraft,c07/runecraftIcon.png
skill,construction,Construction,c07/constructionIcon.png
skill,hitpoints,Hitpoints,c07/hitpointsIcon.png
skill,agility,Agility,c07/agilityIcon.png
skill,herblore,Herblore,c07/herbloreIcon.png
skill,thieving,Thieving,c07/thievingIcon.png
skill,crafting,Crafting,c07/craftingIcon.png
skill,fletching,Fletching,c07/fletchingIcon.png
skill,slayer,Slayer,c07/slayerIcon.png
skill,hunter,Hunter,c07/hunterIcon.png
skill,mining,Mining,c07/miningIcon.png
skill,smithing,Smithing,c07/smithingIcon.png
skill,fishing,Fishing,c07/fishingIcon.png
skill,cooking,Cooking,c07/cookingIcon.png
skill,firemaking,Firemaking,c07/firemakingIcon.png
skill,woodcutting,Woodcutting,c07/woodcuttingIcon.png
skill,farming,Farming,c07/farmingIcon.png
skill,sailing,Sailing,c07/sailing.png
prayer,thick_skin,Thick Skin,c07/thickSkin.png
prayer,burst_str,Burst of Str,c07/burstOfStrength.png
prayer,clarity,Clarity,c07/clarityOfThought.png
prayer,rock_skin,Rock Skin,c07/rockSkin.png
prayer,superhuman,Superhuman,c07/superhumanStrength.png
prayer,improved_refl,Improved Refl.,c07/improvedReflexes.png
prayer,steel_skin,Steel Skin,c07/steelSkin.png
prayer,ultimate_str,Ultimate Str,c07/ultimateStrength.png
prayer,rapid_heal,Rapid Heal,c07/rapidHeal.png
prayer,prot_magic,Protect Magic,c07/protectFromMagic.png
prayer,prot_missiles,Protect Missiles,c07/protectFromMissiles.png
prayer,prot_melee,Protect Melee,c07/protectFromMelee.png
prayer,eagle_eye,Eagle Eye,c07/eagleEye.png
prayer,mystic_might,Mystic Might,c07/mysticMight.png
prayer,sharp_eye,Sharp Eye,c07/sharpEye.png
prayer,mystic_will,Mystic Will,c07/mysticWill.png
prayer,rapid_restore,Rapid Restore,c07/rapidRestore.png
prayer,prot_item,Protect Item,c07/protectItem.png
prayer,hawk_eye,Hawk Eye,c07/hawkEye.png
prayer,mystic_lore,Mystic Lore,c07/mysticLore.png
prayer,incredible_refl,Incredible Refl.,c07/incredibleReflexes.png
prayer,retribution,Retribution,c07/retribution.png
prayer,redemption,Redemption,c07/redemption.png
prayer,preserve,Preserve,c07/preserve.png
prayer,chivalry,Chivalry,c07/chivalry.png
prayer,piety,Piety,c07/piety.png
prayer,rigour,Rigour,c07/rigour.png
prayer,augury,Augury,c07/augury.png
prayer,smite,Smite,c07/smite.png
spell,wind_strike,Wind Strike,c07/windStrike.png
spell,water_strike,Water Strike,c07/waterStrike.png
spell,earth_strike,Earth Strike,c07/earthStrike.png
spell,fire_strike,Fire Strike,c07/fireStrike.png
spell,wind_bolt,Wind Bolt,c07/windBolt.png
spell,water_bolt,Water Bolt,c07/waterBolt.png
spell,earth_bolt,Earth Bolt,c07/earthBolt.png
spell,fire_bolt,Fire Bolt,c07/fireBolt.png
spell,wind_blast,Wind Blast,c07/windBlast.png
spell,water_blast,Water Blast,c07/waterBlast.png
spell,earth_blast,Earth Blast,c07/earthBlast.png
spell,fire_blast,Fire Blast,c07/fireBlast.png
spell,wind_wave,Wind Wave,c07/windWave.png
spell,water_wave,Water Wave,c07/waterWave.png
spell,earth_wave,Earth Wave,c07/earthWave.png
spell,fire_wave,Fire Wave,c07/fireWave.png
spell,confuse,Confuse,c07/confuse.png
spell,weaken,Weaken,c07/weaken.png
spell,curse,Curse,c07/curse.png
spell,crumble_undead,Crumble Undead,c07/crumbleUndead.png
spell,bind,Bind,c07/bind.png
spell,snare,Snare,c07/snare.png
spell,entangle,Entangle,c07/entangle.png
uspell,lvl1Enchant,Lvl-1 Enchant,c07/lvl1Enchant.png
uspell,lvl2Enchant,Lvl-2 Enchant,c07/lvl2Enchant.png
uspell,lvl3Enchant,Lvl-3 Enchant,c07/lvl3Enchant.png
uspell,lvl4Enchant,Lvl-4 Enchant,c07/lvl4Enchant.png
uspell,lvl5Enchant,Lvl-5 Enchant,c07/lvl5Enchant.png
uspell,lvl6Enchant,Lvl-6 Enchant,c07/lvl6Enchant.png
uspell,lowLevelAlchemy,Low Level Alchemy,c07/lowLevelAlchemy.png
uspell,superheatItem,Superheat Item,c07/superheatItem.png
uspell,highLevelAlchemy,High Level Alchemy,c07/highLevelAlchemy.png
uspell,telekineticGrab,Telekinetic Grab,c07/telekineticGrab.png
uspell,bonesToBananas,Bones to Bananas,c07/bonesToBananas.png
uspell,bonesToPeaches,Bones to Peaches,c07/bonesToPeaches.png
uspell,homeTeleport,Home Teleport,c07/lumbridgeHomeTeleport.png
uspell,greaterHomeTeleport,Greater Home Teleport,c07/edgevilleHomeTeleport.png
uspell,cityTeleport,City Teleport,c07/varrockTeleport.png
marker,mk3,Furnace,c07/furnaceIcon.png
marker,mk4,Anvil,c07/anvilIcon.png
marker,mk6,Cooking range,c07/cookingRangeIcon.png
marker,mk11,Rune altar,c07/runecraftIcon.png
marker,mk12,Slayer master,c07/slayerMasterIcon.png
marker,mk13,Sawmill,c07/sawmillIcon.png
marker,mk14,Market stall,c07/generalStoreIcon.png
marker,mk15,Farming patch,c07/farmingPatchIcon.png
marker,mk16,Agility obstacle,c07/agilityShortcutIcon.png
marker,mk23,Dungeon,c07/dungeonIcon.png
marker,mk25,Windmill,c07/windmillIcon.png
marker,mk26,Pet insurer,c07/petShopIcon.png
marker,mk27,Achievement board,c07/pohNoticeboardIcon.png
marker,mkbank,Bank,c07/bankIcon.png
marker,mkge,Grand Exchange,c07/grandExchangeIcon.png
marker,mkbarber,Barber,c07/hairdresserIcon.png
marker,mkaltar,Altar,c07/altarIcon.png
marker,mkshop_general,General Store,c07/generalStoreIcon.png
marker,mkshop_smith,Smithing Supply,c07/axeShopIcon.png
marker,mkshop_weapon,Sword Shop,c07/swordShopIcon.png
marker,mkshop_armour,Armour Shop,c07/platebodyShopIcon.png
marker,mkshop_food,Fishing Shop,c07/fishingShopIcon.png
marker,mkshop_magic,Magic Guild,c07/magicShopIcon.png
marker,mkshop_archery,Archery Shop,c07/archeryShopIcon.png
marker,mkshop_craft,Crafting Shop,c07/craftingShopIcon.png
marker,mkhouse,Your house,c07/housePortalIcon.png
marker,mkskull,Where you fell,i07/bones.png
